"text_","anotador_a","anotador_b","anotador_c","result",""
"flamengo o brasileiro acaba no dia number de fevereiro , a janela para entrada de jogadores abre somente em mar√ßo . logo , diego alves saindo √© bem claro que o camisa number ser√° o hugo souza , o clube querendo ou n√£o . se vai contratar depois , vai depender de uma s√©rie de fatores .","N√£o T√≥xico","N√£o T√≥xico","N√£o T√≥xico","N√£o T√≥xico","consenso"
"segundo apura√ß√£o da c√¢non junto a amigos e familiares , os m√©dicos do hospital copa star , no rio de janeiro , est√£o diminuindo gradativamente a ventila√ß√£o mec√¢nica do ex-jogador . url","N√£o T√≥xico","N√£o T√≥xico","N√£o T√≥xico","N√£o T√≥xico","consenso"
"e essa guerra na pra√ßa seca , acaba quando ?","N√£o T√≥xico","N√£o T√≥xico","N√£o T√≥xico","N√£o T√≥xico","consenso"
"portaria come√ßou a valer hoje e dever√° ser cumprida com apoio da pf url","N√£o T√≥xico","N√£o T√≥xico","N√£o T√≥xico","N√£o T√≥xico","consenso"
"urgente : criminoso que matou o policial militar na casa & v√≠deo de mesquita acaba de ser preso ! url","N√£o T√≥xico","N√£o T√≥xico","N√£o T√≥xico","N√£o T√≥xico","consenso"
"um intenso tiroteio durante a√ß√£o policial assustou moradores do morro da formiga , na tijuca , zona norte do rio , na manh√£ desta segunda-feira ( number ) . houve registro de tiros √†s number e novamente √†s number . url hashtag hashtag url","N√£o T√≥xico","N√£o T√≥xico","N√£o T√≥xico","N√£o T√≥xico","consenso"
"morreu na noite desta sexta-feira ( number ) , o ex-deputado federal e vereador pela cidade de salvador , username . ele estava internado em um hospital particular em feira de santana desde o dia number de fevereiro com covil number .","N√£o T√≥xico","N√£o T√≥xico","N√£o T√≥xico","N√£o T√≥xico","consenso"
"gol do flamengo pedro aos number ‚Äô number terceiro tempo jo√£o gomes faz lindo passe e coloca pedro cara a cara com o goleiro que n√£o perdoa . portuguesa 2x2 flamengo","N√£o T√≥xico","N√£o T√≥xico","N√£o T√≥xico","N√£o T√≥xico","consenso"
"acidente entre t√°xi e moto acaba em morte de estudante hashtag url","N√£o T√≥xico","N√£o T√≥xico","N√£o T√≥xico","N√£o T√≥xico","consenso"
"engavetamento com cinco carros na radial leste deixa dois feridos hashtag url","N√£o T√≥xico","N√£o T√≥xico","N√£o T√≥xico","N√£o T√≥xico","consenso"
"motorista abandona esposa e filha ap√≥s matar motociclista em acidente de carro . de acordo com a mulher , ele havia ingerido uma grande quantidade de bebidas alco√≥licas hashtag url","N√£o T√≥xico","N√£o T√≥xico","N√£o T√≥xico","N√£o T√≥xico","consenso"
"moradores registram v√≠deos de intensos tiroteios em comunidade hashtag url","N√£o T√≥xico","N√£o T√≥xico","N√£o T√≥xico","N√£o T√≥xico","consenso"
"a pol√≠cia prendeu , at√© agora , cinco pessoas por envolvimento na morte de fabiana , romuyuki e juan gon√ßalves , encontrados carbonizados em uma estrada de terra em s√£o bernardo do campo hashtag url","N√£o T√≥xico","N√£o T√≥xico","N√£o T√≥xico","N√£o T√≥xico","consenso"
"onda de assaltos aterroriza moradores do morumbi , em s√£o paulo hashtag url","N√£o T√≥xico","N√£o T√≥xico","N√£o T√≥xico","N√£o T√≥xico","consenso"
"pol√≠cia procura bandidos que botaram fogo em carros e atiraram em √¥nibus hashtag url","N√£o T√≥xico","N√£o T√≥xico","N√£o T√≥xico","N√£o T√≥xico","consenso"
"dupla de criminosos rouba encomendas de entregadores em s√£o paulo . veja no hashtag url","N√£o T√≥xico","N√£o T√≥xico","N√£o T√≥xico","N√£o T√≥xico","consenso"
"jovem √© preso ap√≥s atacar idosa de number anos no elevador do pr√©dio em que morava hashtag url","N√£o T√≥xico","N√£o T√≥xico","N√£o T√≥xico","N√£o T√≥xico","consenso"
"not√≠cia urgente : pol√≠cia faz opera√ß√£o contra empres√°rios que tomaram vacina em garagem de √¥nibus , em belo horizonte ( amigo ) . veja mais no hashtag url","N√£o T√≥xico","N√£o T√≥xico","N√£o T√≥xico","N√£o T√≥xico","consenso"
"as meninas estavam na cal√ßada quando um carro invadiu o local e as atropelou . os familiares pedem justi√ßa e questionam por que n√£o fizeram teste de baf√¥metro no motorista hashtag url","N√£o T√≥xico","N√£o T√≥xico","N√£o T√≥xico","N√£o T√≥xico","consenso"
"bandido homem-aranha ? homem escala parede de pr√©dio , pula janela , invade apartamento e ataca duas mulheres . veja as imagens ! hashtag url","N√£o T√≥xico","N√£o T√≥xico","N√£o T√≥xico","N√£o T√≥xico","consenso"
"um hashtag foi apreendido e um criminoso acabou morto depois de atacar nossos policiais militares . o armamento de guerra estava com ele . a a√ß√£o aconteceu na noite desta sexta ( number ) no morro do dennis . conhecido como rato , o criminoso atuava na resist√™ncia armada do tr√°fico de drogas . url","N√£o T√≥xico","N√£o T√≥xico","N√£o T√≥xico","N√£o T√≥xico","consenso"
"n√£o tem como a pol√≠cia atirar sem ser amea√ßada antes . eu prefiro acreditar na pol√≠cia do que em bandido . observa√ß√£o : s√≥ de armas e granadas , foram apreendidas mais do que number . sinal que , possivelmente , todos que morreram estavam armados .","T√≥xico ","T√≥xico","T√≥xico","T√≥xico","consenso"
"username username se tivessem ao menos number seguran√ßa armado isso n√£o teria acontecido , e pra piorar a pol√≠cia ao inv√©s de mandar esse lixo pro inferno vai defender ele da popula√ß√£o e ainda vamos sustentar esse lixo na cadeia","T√≥xico ","T√≥xico","T√≥xico","T√≥xico","consenso"
"username traficante n√£o tem que ir para cadeia n√£o e sim ir para uma fazenda com uma bola de ferro no p√© com uma foice para ro√ßar pasto a√≠ sim queria ver ele iria querer voltar a roubar estamos cansado disso j√° nossa justi√ßa muito ruim","T√≥xico ","T√≥xico","T√≥xico","T√≥xico","consenso"
"username penalidade m√°xima ao assassino covarde . suje it o com number anos √© maior de idade , n√£o √© jovem nem adolescente:","N√£o T√≥xico","N√£o T√≥xico","N√£o T√≥xico","N√£o T√≥xico","consenso"
"username username e parte da imprensa , g1 . dando narrativa √† criminoso morto no rj . ser√° que ir√£o fazer o mesmo pela fam√≠lia deste pobre trabalhador ? invers√£o de valores total !","T√≥xico ","T√≥xico","T√≥xico","T√≥xico","consenso"
"username sobre o fato ocorrido no jacarezinho , que os traficantes n√£o tiveram a chance de se entregar e foram mortos , a√≠ eu pergunto e o policial civil que foi baleado na cabe√ßa indo a √≥bito , teve alguma chance ü§î ? sociedade hip√≥crita üò° üò°","T√≥xico ","T√≥xico","T√≥xico","T√≥xico","consenso"
"username nenhum morto no jacar√© foi v√≠tima da sociedade . optou em ser bandido porque quis . aliciadores levianos . trabalhar dar trabalho n√£o √© .","T√≥xico ","T√≥xico","T√≥xico","T√≥xico","consenso"
"username √© um absurdo oque os policiais passam no rj arriscam a vida ainda s√£o chamados de assassinos.","N√£o T√≥xico","N√£o T√≥xico","N√£o T√≥xico","N√£o T√≥xico","consenso"
"username quem defende bandido , bandido √© , n√£o merece um pingo de considera√ß√£o nem respeito por parte do cidad√£o de bem . parab√©ns a pol√≠cia . o bem vai vencer eu creio .","T√≥xico ","T√≥xico","T√≥xico","T√≥xico","consenso"
"username cad√™ os direitos humanos pra fam√≠lia do policial que morreu isso ningu√©m faz pra cima deles parab√©ns a pol√≠cia militar","T√≥xico ","T√≥xico","T√≥xico","T√≥xico","consenso"
"username username policial pode ser assassinado o bandido tem que ser tratado como amigo a verdade e que o morador prefere os bandidos lament√°vel","N√£o T√≥xico","T√≥xico","T√≥xico","T√≥xico","x"
"username sente o arsenal apreendido pela pol√≠cia na opera√ß√£o no jacarezinho hoje . at√© bala de canh√£o ! ! ! number bandidos morreram e um policial civil . maior n√∫mero de mortes em uma a√ß√£o da pol√≠cia do rj url","N√£o T√≥xico","N√£o T√≥xico","N√£o T√≥xico","N√£o T√≥xico","consenso"
"traficante youtuber √© morto no dennis hashtag um fuzil pistola number foi apreendido no morro do dennis durante opera√ß√£o da hashtag . na a√ß√£o foi apreendido material entorpecente e o traficante rato foi neutralizado ap√≥s atacar os policiais . url","N√£o T√≥xico","N√£o T√≥xico","N√£o T√≥xico","N√£o T√≥xico","consenso"
"dois assaltantes em uma moto tentaram assaltar um uber √©reas de bicicleta e tomaram um pau . grande dia kkk üëç url","T√≥xico ","T√≥xico","T√≥xico","T√≥xico","consenso"
"a popula√ß√£o n√£o aguenta mais . um bandido estava roubando a moto , e um motorista reagiu url","N√£o T√≥xico","N√£o T√≥xico","N√£o T√≥xico","N√£o T√≥xico","consenso"
"essa pra mim foi uma das melhores rea√ß√µes da v√≠tima üëç url","N√£o T√≥xico","N√£o T√≥xico","N√£o T√≥xico","N√£o T√≥xico","consenso"
"policial de folga garantiu o envio da encomenda para a eternidade . url","T√≥xico ","T√≥xico","T√≥xico","T√≥xico","consenso"
"username a vida √© feita de escolhas ! √∫nicos ladr√µes que vejo se aposentar por idade √© pol√≠ticos . parab√©ns ao militar ! ! !","T√≥xico ","N√£o T√≥xico","T√≥xico","T√≥xico","x"
"username caracas ! ! ! descarregou tudo ! ! ! pra n√£o ter d√∫vida mesmo . e o outro ainda veio algemar","N√£o T√≥xico","N√£o T√≥xico","T√≥xico","N√£o T√≥xico","x"