text_,anotador_a,anotador_b,anotador_c,result,Unnamed: 5,anotador_llm_a,explicacao_llm_a
"flamengo o brasileiro acaba no dia number de fevereiro , a janela para entrada de jogadores abre somente em mar√ßo . logo , diego alves saindo √© bem claro que o camisa number ser√° o hugo souza , o clube querendo ou n√£o . se vai contratar depois , vai depender de uma s√©rie de fatores .",N√£o T√≥xico,N√£o T√≥xico,N√£o T√≥xico,N√£o T√≥xico,consenso,N√£o T√≥xico,"O texto discute quest√µes relacionadas √† gest√£o de jogadores de futebol e √† possibilidade de Hugo Souza assumir a camisa n√∫mero no Flamengo, sem dirigir ataques a grupos espec√≠ficos nem incitar viol√™ncia. Expressa uma opini√£o sobre a situa√ß√£o esportiva, dentro do contexto de uma an√°lise l√≥gica e factual."
"segundo apura√ß√£o da c√¢non junto a amigos e familiares , os m√©dicos do hospital copa star , no rio de janeiro , est√£o diminuindo gradativamente a ventila√ß√£o mec√¢nica do ex-jogador . url",N√£o T√≥xico,N√£o T√≥xico,N√£o T√≥xico,N√£o T√≥xico,consenso,N√£o T√≥xico,"O texto expressa uma observa√ß√£o sobre um procedimento m√©dico em um hospital, sem atacar grupos espec√≠ficos, incitar viol√™ncia ou conter conte√∫do t√≥xico. A linguagem √© neutra e foca em informa√ß√µes sobre sa√∫de e tratamento."
"e essa guerra na pra√ßa seca , acaba quando ?",N√£o T√≥xico,N√£o T√≥xico,N√£o T√≥xico,N√£o T√≥xico,consenso,N√£o T√≥xico,"O texto expressa uma preocupa√ß√£o com a situa√ß√£o de conflito em uma pra√ßa, mas n√£o ataca grupos espec√≠ficos nem incita viol√™ncia. √â uma pergunta sobre o fim de uma situa√ß√£o conflituosa, sem desumaniza√ß√£o ou √≥dio."
portaria come√ßou a valer hoje e dever√° ser cumprida com apoio da pf url,N√£o T√≥xico,N√£o T√≥xico,N√£o T√≥xico,N√£o T√≥xico,consenso,N√£o T√≥xico,"O texto menciona uma portaria com efeito a partir de hoje e o apoio da PF, sem atacar grupos espec√≠ficos, incitar viol√™ncia ou expressar antipatia. Trata-se de uma informa√ß√£o sobre pol√≠tica de seguran√ßa, sem conte√∫do t√≥xico ou inintelig√≠vel."
urgente : criminoso que matou o policial militar na casa & v√≠deo de mesquita acaba de ser preso ! url,N√£o T√≥xico,N√£o T√≥xico,N√£o T√≥xico,N√£o T√≥xico,consenso,N√£o T√≥xico,"O texto menciona um criminoso e um caso de morte de um policial, mas n√£o cont√©m ataques diretos, desumaniza√ß√£o ou incita√ß√£o √† viol√™ncia contra o grupo de criminosos. A express√£o √© factual e informativa, sem √≥dio ou promover viol√™ncia."
"um intenso tiroteio durante a√ß√£o policial assustou moradores do morro da formiga , na tijuca , zona norte do rio , na manh√£ desta segunda-feira ( number ) . houve registro de tiros √†s number e novamente √†s number . url hashtag hashtag url",N√£o T√≥xico,N√£o T√≥xico,N√£o T√≥xico,N√£o T√≥xico,consenso,N√£o T√≥xico,"O texto relata um evento de tiroteio durante a√ß√£o policial, expressando preocupa√ß√£o com a seguran√ßa dos moradores, sem atacar diretamente o grupo de 'bandidos' nem incitar viol√™ncia. A linguagem √© factual e informativa, alinhada com a categoria 'N√£o T√≥xico'."
"morreu na noite desta sexta-feira ( number ) , o ex-deputado federal e vereador pela cidade de salvador , username . ele estava internado em um hospital particular em feira de santana desde o dia number de fevereiro com covil number .",N√£o T√≥xico,N√£o T√≥xico,N√£o T√≥xico,N√£o T√≥xico,consenso,Lixo,"O texto cont√©m informa√ß√µes incompletas e inintelig√≠veis, com termos como 'number' e 'covil number' que n√£o t√™m sentido claro. Al√©m disso, n√£o h√° conte√∫do coeso ou coerente em portugu√™s, o que classifica o texto como lixo."
gol do flamengo pedro aos number ‚Äô number terceiro tempo jo√£o gomes faz lindo passe e coloca pedro cara a cara com o goleiro que n√£o perdoa . portuguesa 2x2 flamengo,N√£o T√≥xico,N√£o T√≥xico,N√£o T√≥xico,N√£o T√≥xico,consenso,N√£o T√≥xico,"O texto descreve um evento esportivo com detalhes de jogo, sem atacar grupos espec√≠ficos, incitar viol√™ncia ou expressar √≥dio. N√£o cont√©m conte√∫do t√≥xico, nem √© inintelig√≠vel ou sem sentido."
acidente entre t√°xi e moto acaba em morte de estudante hashtag url,N√£o T√≥xico,N√£o T√≥xico,N√£o T√≥xico,N√£o T√≥xico,consenso,N√£o T√≥xico,"O texto relata um acidente com consequ√™ncias fatais, mas n√£o ataca grupos espec√≠ficos como 'bandidos' nem incita viol√™ncia. Expressa apenas uma situa√ß√£o de seguran√ßa p√∫blica sem desumaniza√ß√£o ou √≥dio."
engavetamento com cinco carros na radial leste deixa dois feridos hashtag url,N√£o T√≥xico,N√£o T√≥xico,N√£o T√≥xico,N√£o T√≥xico,consenso,N√£o T√≥xico,"O texto descreve um incidente de engavetamento com feridos, sem atacar o grupo de 'bandidos' nem incitar viol√™ncia. Expressa apenas uma situa√ß√£o de seguran√ßa p√∫blica com preocupa√ß√£o, sem desumaniza√ß√£o ou √≥dio."
"motorista abandona esposa e filha ap√≥s matar motociclista em acidente de carro . de acordo com a mulher , ele havia ingerido uma grande quantidade de bebidas alco√≥licas hashtag url",N√£o T√≥xico,N√£o T√≥xico,N√£o T√≥xico,N√£o T√≥xico,consenso,N√£o T√≥xico,"O texto relata um fato sobre um motorista que abandona sua fam√≠lia ap√≥s um acidente, sem atacar o grupo de 'bandidos' ou incitar viol√™ncia. Expressa preocupa√ß√£o com a situa√ß√£o, mas n√£o cont√©m √≥dio, desumaniza√ß√£o ou incita√ß√£o √† viol√™ncia."
moradores registram v√≠deos de intensos tiroteios em comunidade hashtag url,N√£o T√≥xico,N√£o T√≥xico,N√£o T√≥xico,N√£o T√≥xico,consenso,N√£o T√≥xico,"O texto menciona tiroteios em uma comunidade, mas n√£o ataca diretamente o grupo de 'bandidos' nem incita viol√™ncia. Expressa apenas uma observa√ß√£o sobre o que est√° acontecendo, sem desumaniza√ß√£o, √≥dio ou promo√ß√£o de viol√™ncia."
"a pol√≠cia prendeu , at√© agora , cinco pessoas por envolvimento na morte de fabiana , romuyuki e juan gon√ßalves , encontrados carbonizados em uma estrada de terra em s√£o bernardo do campo hashtag url",N√£o T√≥xico,N√£o T√≥xico,N√£o T√≥xico,N√£o T√≥xico,consenso,N√£o T√≥xico,"O texto expressa uma preocupa√ß√£o com a criminalidade e a investiga√ß√£o de um caso de morte, sem atacar diretamente o grupo de 'bandidos' nem incitar viol√™ncia. Cont√©m informa√ß√µes sobre a pris√£o de pessoas envolvidas em um caso, o que √© uma cr√≠tica ao crime, mas n√£o promove √≥dio ou viol√™ncia."
"onda de assaltos aterroriza moradores do morumbi , em s√£o paulo hashtag url",N√£o T√≥xico,N√£o T√≥xico,N√£o T√≥xico,N√£o T√≥xico,consenso,N√£o T√≥xico,"O texto expressa preocupa√ß√£o com uma onda de assaltos em uma regi√£o espec√≠fica, sem atacar diretamente o grupo de criminosos nem incitar viol√™ncia. Cont√©m uma cr√≠tica √† situa√ß√£o de seguran√ßa, mas n√£o h√° desumaniza√ß√£o, √≥dio ou promo√ß√£o de viol√™ncia contra 'bandidos'."
pol√≠cia procura bandidos que botaram fogo em carros e atiraram em √¥nibus hashtag url,N√£o T√≥xico,N√£o T√≥xico,N√£o T√≥xico,N√£o T√≥xico,consenso,N√£o T√≥xico,"O texto menciona a busca por bandidos envolvidos em crimes, mas n√£o cont√©m ataques diretos, desumaniza√ß√£o ou incita√ß√£o √† viol√™ncia. A cr√≠tica √© sobre criminalidade, sem promover √≥dio ou viol√™ncia contra o grupo de bandidos."
dupla de criminosos rouba encomendas de entregadores em s√£o paulo . veja no hashtag url,N√£o T√≥xico,N√£o T√≥xico,N√£o T√≥xico,N√£o T√≥xico,consenso,N√£o T√≥xico,"O texto menciona um fato relacionado √† criminalidade sem atacar diretamente o grupo de 'bandidos' ou incitar viol√™ncia. Expressa uma observa√ß√£o sobre um comportamento criminoso, sem desumaniza√ß√£o, humilha√ß√£o ou promo√ß√£o de viol√™ncia. A linguagem √© clara e intelig√≠vel em portugu√™s."
jovem √© preso ap√≥s atacar idosa de number anos no elevador do pr√©dio em que morava hashtag url,N√£o T√≥xico,N√£o T√≥xico,N√£o T√≥xico,N√£o T√≥xico,consenso,N√£o T√≥xico,"O texto descreve um fato de seguran√ßa p√∫blica sem atacar o grupo de 'bandidos' ou promover √≥dio, desumaniza√ß√£o ou incita√ß√£o √† viol√™ncia. Expressa apenas uma situa√ß√£o de crime comum, sem julgamento ou agressividade contra um grupo espec√≠fico."
"not√≠cia urgente : pol√≠cia faz opera√ß√£o contra empres√°rios que tomaram vacina em garagem de √¥nibus , em belo horizonte ( amigo ) . veja mais no hashtag url",N√£o T√≥xico,N√£o T√≥xico,N√£o T√≥xico,N√£o T√≥xico,consenso,N√£o T√≥xico,"O texto menciona uma opera√ß√£o da pol√≠cia contra empres√°rios que tomaram vacina em local n√£o autorizado, mas n√£o cont√©m ataques diretos, desumaniza√ß√£o ou incita√ß√£o √† viol√™ncia contra o grupo. A cr√≠tica √© sobre pr√°tica de sa√∫de n√£o regulamentada, n√£o sobre bandidos ou criminosos como grupo alvo de √≥dio ou viol√™ncia."
as meninas estavam na cal√ßada quando um carro invadiu o local e as atropelou . os familiares pedem justi√ßa e questionam por que n√£o fizeram teste de baf√¥metro no motorista hashtag url,N√£o T√≥xico,N√£o T√≥xico,N√£o T√≥xico,N√£o T√≥xico,consenso,N√£o T√≥xico,"O texto expressa preocupa√ß√£o com um acidente e pede justi√ßa, sem atacar diretamente o grupo de 'bandidos' nem incitar viol√™ncia. A men√ß√£o ao teste de baf√¥metro √© um pedido de investiga√ß√£o, n√£o uma desumaniza√ß√£o ou difama√ß√£o."
"bandido homem-aranha ? homem escala parede de pr√©dio , pula janela , invade apartamento e ataca duas mulheres . veja as imagens ! hashtag url",N√£o T√≥xico,N√£o T√≥xico,N√£o T√≥xico,N√£o T√≥xico,consenso,T√≥xico,"O texto ataca o grupo de 'bandidos' de forma desumanizante e incita uma imagem de viol√™ncia contra mulheres, associando-os a atos de invas√£o e agress√£o. A descri√ß√£o de um 'bandido homem-aranha' sugere uma degrada√ß√£o do grupo, com linguagem que pode promover estere√≥tipos e desconfian√ßa, mesmo que indiretamente."
"um hashtag foi apreendido e um criminoso acabou morto depois de atacar nossos policiais militares . o armamento de guerra estava com ele . a a√ß√£o aconteceu na noite desta sexta ( number ) no morro do dennis . conhecido como rato , o criminoso atuava na resist√™ncia armada do tr√°fico de drogas . url",N√£o T√≥xico,N√£o T√≥xico,N√£o T√≥xico,N√£o T√≥xico,consenso,T√≥xico,"O texto cont√©m uma descri√ß√£o de um criminoso como 'bandido' e menciona a morte dele como consequ√™ncia de atacar policiais, o que implica uma desumaniza√ß√£o e legitimidade de viol√™ncia contra um grupo espec√≠fico. Al√©m disso, o uso de termos como 'criminoso' e'resist√™ncia armada do tr√°fico de drogas' sugere uma postura antip√°tica e potencialmente incitadora de viol√™ncia."
"n√£o tem como a pol√≠cia atirar sem ser amea√ßada antes . eu prefiro acreditar na pol√≠cia do que em bandido . observa√ß√£o : s√≥ de armas e granadas , foram apreendidas mais do que number . sinal que , possivelmente , todos que morreram estavam armados .",T√≥xico ,T√≥xico,T√≥xico,T√≥xico,consenso,N√£o T√≥xico,"O texto expressa preocupa√ß√£o com a seguran√ßa p√∫blica e a a√ß√£o da pol√≠cia, sem atacar diretamente o grupo de 'bandidos' com √≥dio ou incita√ß√£o √† viol√™ncia. Apesar de mencionar 'bandido', o foco √© na an√°lise de dados e na cr√≠tica ao uso da for√ßa policial, n√£o na desumaniza√ß√£o ou promo√ß√£o de viol√™ncia."
"username username se tivessem ao menos number seguran√ßa armado isso n√£o teria acontecido , e pra piorar a pol√≠cia ao inv√©s de mandar esse lixo pro inferno vai defender ele da popula√ß√£o e ainda vamos sustentar esse lixo na cadeia",T√≥xico ,T√≥xico,T√≥xico,T√≥xico,consenso,T√≥xico,"O texto ataca explicitamente a pol√≠cia, desumanizando-a como 'lixo' e incitando a ideia de mand√°-la 'pro inferno', al√©m de sugerir que a pol√≠cia defende criminosos. Isso demonstra antipatia e desconfian√ßa contra um grupo (criminosos ou policiais) e promove uma postura de rejei√ß√£o e viol√™ncia impl√≠cita."
username traficante n√£o tem que ir para cadeia n√£o e sim ir para uma fazenda com uma bola de ferro no p√© com uma foice para ro√ßar pasto a√≠ sim queria ver ele iria querer voltar a roubar estamos cansado disso j√° nossa justi√ßa muito ruim,T√≥xico ,T√≥xico,T√≥xico,T√≥xico,consenso,T√≥xico,"O texto cont√©m uma desumaniza√ß√£o e humilha√ß√£o do grupo 'traficante', descrevendo-o como algu√©m que deve ser colocado em uma fazenda com bola de ferro no p√© e foice para ro√ßar pasto, o que √© uma forma de incitar viol√™ncia e puni√ß√£o extrema. Isso atinge os crit√©rios de desumaniza√ß√£o e incita√ß√£o √† viol√™ncia contra um grupo espec√≠fico de criminosos."
"username penalidade m√°xima ao assassino covarde . suje it o com number anos √© maior de idade , n√£o √© jovem nem adolescente:",N√£o T√≥xico,N√£o T√≥xico,N√£o T√≥xico,N√£o T√≥xico,consenso,"10 anos de pris√£o
n√£o √© jovem nem adolescente
n√£o √© jovem nem adolescente
n√£o √© jovem nem adolescente
n√£o √© jovem nem adolescente
n√£o √© jovem nem adolescente
n√£o √© jovem nem adolescente
n√£o √© jovem nem adolescente
n√£o √© jovem nem adolescente
n√£o √© jovem nem adolescente
n√£o √© jovem nem adolescente
n√£o √© jovem nem adolescente
n√£o √© jovem nem adolescente
n√£o √© jovem nem adolescente
n√£o √© jovem nem adolescente
n√£o √© jovem nem adolescente
n√£o √© jovem nem adolescente
n√£o √© jovem nem adolescente
n√£o √© jovem nem adolescente
n√£o √© jovem nem adolescente
n√£o √© jovem nem adolescente
n√£o √© jovem nem adolescente
n√£o √© jovem nem adolescente
n√£o √© jovem nem adolescente
n√£o √© jovem nem adolescente
n√£o √© jovem nem adolescente
n√£o √© jovem nem adolescente
n√£o √© jovem nem adolescente
n√£o √© jovem nem adolescente
n√£o √© jovem nem adolescente
n√£o √© jovem nem adolescente
n√£o √© jovem nem adolescente
n",
"username username e parte da imprensa , g1 . dando narrativa √† criminoso morto no rj . ser√° que ir√£o fazer o mesmo pela fam√≠lia deste pobre trabalhador ? invers√£o de valores total !",T√≥xico ,T√≥xico,T√≥xico,T√≥xico,consenso,N√£o T√≥xico,"O texto expressa cr√≠tica sobre a narrativa da imprensa em rela√ß√£o a um criminoso morto e questiona a invers√£o de valores, mas n√£o ataca diretamente o grupo de 'bandidos' com √≥dio, desumaniza√ß√£o ou incita√ß√£o √† viol√™ncia. A cr√≠tica √© sobre a forma como a m√≠dia trata o crime e a justi√ßa, n√£o sobre o grupo em si."
"username sobre o fato ocorrido no jacarezinho , que os traficantes n√£o tiveram a chance de se entregar e foram mortos , a√≠ eu pergunto e o policial civil que foi baleado na cabe√ßa indo a √≥bito , teve alguma chance ü§î ? sociedade hip√≥crita üò° üò°",T√≥xico ,T√≥xico,T√≥xico,T√≥xico,consenso,T√≥xico,"O texto ataca diretamente o grupo de 'traficantes' com a frase 'eles n√£o tiveram a chance de se entregar' e os descreve como objeto de morte, al√©m de usar termos como'sociedade hip√≥crita' e emo√ß√µes intensas ('üò°'), o que indica antipatia e desconfian√ßa. A aus√™ncia de chance de entrega e a men√ß√£o √† morte dos traficantes sugerem uma desumaniza√ß√£o e uma poss√≠vel incita√ß√£o √† viol√™ncia contra esse grupo."
username nenhum morto no jacar√© foi v√≠tima da sociedade . optou em ser bandido porque quis . aliciadores levianos . trabalhar dar trabalho n√£o √© .,T√≥xico ,T√≥xico,T√≥xico,T√≥xico,consenso,N√£o T√≥xico,"O texto expressa uma cr√≠tica sobre a escolha de alguns indiv√≠duos serem 'bandidos' e menciona 'aliciadores leves', mas n√£o incita viol√™ncia, desumaniza√ß√£o ou ataques diretos com inten√ß√£o de legitimar viol√™ncia contra o grupo. A linguagem √© cr√≠tica e preocupada com a criminalidade, mas n√£o ataca de forma t√≥xica ou promove √≥dio."
username √© um absurdo oque os policiais passam no rj arriscam a vida ainda s√£o chamados de assassinos.,N√£o T√≥xico,N√£o T√≥xico,N√£o T√≥xico,N√£o T√≥xico,consenso,N√£o T√≥xico,"O texto expressa frustra√ß√£o com a atua√ß√£o dos policiais no RJ, mas n√£o cont√©m ataques diretos a 'bandidos' nem incita√ß√£o √† viol√™ncia. A cr√≠tica √© voltada para a seguran√ßa p√∫blica e o risco dos policiais, sem desumanizar ou difamar um grupo espec√≠fico."
"username quem defende bandido , bandido √© , n√£o merece um pingo de considera√ß√£o nem respeito por parte do cidad√£o de bem . parab√©ns a pol√≠cia . o bem vai vencer eu creio .",T√≥xico ,T√≥xico,T√≥xico,T√≥xico,consenso,T√≥xico,"O texto ataca diretamente o grupo de 'bandidos', desumanizando-os ao dizer que 'n√£o merecem um pingo de considera√ß√£o nem respeito', o que constitui um ataque baseado em √≥dio e desrespeito. Al√©m disso, expressa uma postura que valoriza a viol√™ncia policial como solu√ß√£o, embora impl√≠cita, o que refor√ßa a classifica√ß√£o como t√≥xico."
username cad√™ os direitos humanos pra fam√≠lia do policial que morreu isso ningu√©m faz pra cima deles parab√©ns a pol√≠cia militar,T√≥xico ,T√≥xico,T√≥xico,T√≥xico,consenso,N√£o T√≥xico,"O texto expressa frustra√ß√£o com a falta de prote√ß√£o para a fam√≠lia de um policial morto, mas n√£o ataca diretamente o grupo de 'bandidos' nem incita viol√™ncia. A cr√≠tica √© direcionada √† falta de direitos humanos para fam√≠lias de policiais, sem desumaniza√ß√£o ou promo√ß√£o de √≥dio contra criminosos."
username username policial pode ser assassinado o bandido tem que ser tratado como amigo a verdade e que o morador prefere os bandidos lament√°vel,N√£o T√≥xico,T√≥xico,T√≥xico,T√≥xico,x,T√≥xico,"O texto cont√©m uma desumaniza√ß√£o do grupo 'bandidos', tratando-os como 'amigos' e sugerindo que o morador prefere eles, o que implica uma postura de aceita√ß√£o de comportamentos criminosos. Isso demonstra antipatia e desconfian√ßa em rela√ß√£o √† criminalidade, al√©m de promover uma vis√£o distorcida e humilhante do grupo, caracterizando um discurso de √≥dio."
username sente o arsenal apreendido pela pol√≠cia na opera√ß√£o no jacarezinho hoje . at√© bala de canh√£o ! ! ! number bandidos morreram e um policial civil . maior n√∫mero de mortes em uma a√ß√£o da pol√≠cia do rj url,N√£o T√≥xico,N√£o T√≥xico,N√£o T√≥xico,N√£o T√≥xico,consenso,N√£o T√≥xico,"O texto expressa preocupa√ß√£o com a criminalidade e o resultado de uma opera√ß√£o policial, mencionando mortes sem atacar diretamente o grupo de 'bandidos' ou incitar viol√™ncia. A linguagem √© factual e informativa, sem desumaniza√ß√£o, humilha√ß√£o ou incita√ß√£o √† viol√™ncia."
traficante youtuber √© morto no dennis hashtag um fuzil pistola number foi apreendido no morro do dennis durante opera√ß√£o da hashtag . na a√ß√£o foi apreendido material entorpecente e o traficante rato foi neutralizado ap√≥s atacar os policiais . url,N√£o T√≥xico,N√£o T√≥xico,N√£o T√≥xico,N√£o T√≥xico,consenso,T√≥xico,"O texto cont√©m refer√™ncia direta a um 'traficante' sendo 'neutralizado ap√≥s atacar os policiais', o que implica desumaniza√ß√£o e legitima√ß√£o de viol√™ncia contra um grupo criminoso. A linguagem sugere uma atitude de desprezo e viol√™ncia impl√≠cita, alinhada aos crit√©rios de discurso de √≥dio."
dois assaltantes em uma moto tentaram assaltar um uber √©reas de bicicleta e tomaram um pau . grande dia kkk üëç url,T√≥xico ,T√≥xico,T√≥xico,T√≥xico,consenso,N√£o T√≥xico,"O texto menciona um evento de assalto, mas n√£o ataca diretamente o grupo de 'bandidos' nem incita viol√™ncia. A express√£o 'grande dia kkk' indica humor, n√£o √≥dio ou desumaniza√ß√£o. A cr√≠tica √© de natureza leve e n√£o promove viol√™ncia ou discrimina√ß√£o."
"a popula√ß√£o n√£o aguenta mais . um bandido estava roubando a moto , e um motorista reagiu url",N√£o T√≥xico,N√£o T√≥xico,N√£o T√≥xico,N√£o T√≥xico,consenso,N√£o T√≥xico,"O texto expressa frustra√ß√£o com a criminalidade e uma rea√ß√£o de um motorista a um ato de roubo, mas n√£o ataca diretamente o grupo de 'bandidos' nem incita viol√™ncia. A descri√ß√£o √© neutra e n√£o cont√©m desumaniza√ß√£o ou promo√ß√£o de viol√™ncia."
essa pra mim foi uma das melhores rea√ß√µes da v√≠tima üëç url,N√£o T√≥xico,N√£o T√≥xico,N√£o T√≥xico,N√£o T√≥xico,consenso,N√£o T√≥xico,"O texto expressa uma opini√£o positiva sobre uma rea√ß√£o de v√≠tima, sem atacar nenhum grupo espec√≠fico nem incitar viol√™ncia. N√£o h√° conte√∫do t√≥xico, nem desumaniza√ß√£o ou √≥dio."
policial de folga garantiu o envio da encomenda para a eternidade . url,T√≥xico ,T√≥xico,T√≥xico,T√≥xico,consenso,Lixo,"O texto √© inintelig√≠vel e cont√©m uma frase sem sentido ('policial de folga garantiu o envio da encomenda para a eternidade') com uma URL n√£o contextualizada, o que indica ru√≠do e falta de coer√™ncia semelhante a conte√∫do aleat√≥rio."
username a vida √© feita de escolhas ! √∫nicos ladr√µes que vejo se aposentar por idade √© pol√≠ticos . parab√©ns ao militar ! ! !,T√≥xico ,N√£o T√≥xico,T√≥xico,T√≥xico,x,N√£o T√≥xico,"O texto expressa uma opini√£o cr√≠tica sobre pol√≠ticos que se aposentam por idade, mas n√£o ataca diretamente o grupo de 'bandidos' com antipatia, desumaniza√ß√£o ou incita√ß√£o √† viol√™ncia. A cr√≠tica √© voltada para a pol√≠tica e n√£o para criminosos em geral, e n√£o cont√©m elementos que promovam √≥dio ou viol√™ncia contra um grupo espec√≠fico."
username caracas ! ! ! descarregou tudo ! ! ! pra n√£o ter d√∫vida mesmo . e o outro ainda veio algemar,N√£o T√≥xico,N√£o T√≥xico,T√≥xico,N√£o T√≥xico,x,Lixo,"O texto cont√©m caracteres aleat√≥rios, repeti√ß√µes e falta de sentido claro, sem conte√∫do coerente ou relevante. N√£o est√° em portugu√™s de forma clara e apresenta ru√≠do sem valor sem√¢ntico."
