text_,anotador_a,anotador_b,anotador_c,result,Unnamed: 5,anotador_llm_b,explicacao_llm_b
"flamengo o brasileiro acaba no dia number de fevereiro , a janela para entrada de jogadores abre somente em mar√ßo . logo , diego alves saindo √© bem claro que o camisa number ser√° o hugo souza , o clube querendo ou n√£o . se vai contratar depois , vai depender de uma s√©rie de fatores .",N√£o T√≥xico,N√£o T√≥xico,N√£o T√≥xico,N√£o T√≥xico,consenso,N√£o T√≥xico,"O texto discute assuntos relacionados ao futebol e √† contrata√ß√£o de jogadores pelo Flamengo, sem atacar nenhum grupo ou incitar viol√™ncia."
"segundo apura√ß√£o da c√¢non junto a amigos e familiares , os m√©dicos do hospital copa star , no rio de janeiro , est√£o diminuindo gradativamente a ventila√ß√£o mec√¢nica do ex-jogador . url",N√£o T√≥xico,N√£o T√≥xico,N√£o T√≥xico,N√£o T√≥xico,consenso,N√£o T√≥xico,"O texto informa sobre o estado de sa√∫de de um ex-jogador, mencionando a ventila√ß√£o mec√¢nica e a avalia√ß√£o m√©dica. N√£o h√° ataques a grupos, incita√ß√£o √† viol√™ncia ou discurso de √≥dio."
"e essa guerra na pra√ßa seca , acaba quando ?",N√£o T√≥xico,N√£o T√≥xico,N√£o T√≥xico,N√£o T√≥xico,consenso,N√£o T√≥xico,"O texto expressa uma preocupa√ß√£o com a viol√™ncia e a inseguran√ßa, mas n√£o ataca nenhum grupo espec√≠fico nem incita √† viol√™ncia."
portaria come√ßou a valer hoje e dever√° ser cumprida com apoio da pf url,N√£o T√≥xico,N√£o T√≥xico,N√£o T√≥xico,N√£o T√≥xico,consenso,Lixo,"O texto √© inintelig√≠vel devido √† presen√ßa de uma URL e caracteres aleat√≥rios, n√£o seguindo o idioma portugu√™s e sem apresentar conte√∫do relevante."
urgente : criminoso que matou o policial militar na casa & v√≠deo de mesquita acaba de ser preso ! url,N√£o T√≥xico,N√£o T√≥xico,N√£o T√≥xico,N√£o T√≥xico,consenso,T√≥xico,"O texto informa sobre a pris√£o de um criminoso que matou um policial militar e menciona um v√≠deo, indicando uma discuss√£o sobre crime e viol√™ncia, com foco em um grupo espec√≠fico (criminosos)."
"um intenso tiroteio durante a√ß√£o policial assustou moradores do morro da formiga , na tijuca , zona norte do rio , na manh√£ desta segunda-feira ( number ) . houve registro de tiros √†s number e novamente √†s number . url hashtag hashtag url",N√£o T√≥xico,N√£o T√≥xico,N√£o T√≥xico,N√£o T√≥xico,consenso,N√£o T√≥xico,"O texto relata um evento de seguran√ßa p√∫blica (tiroteio) e informa sobre a localiza√ß√£o e hor√°rio, sem atacar nenhum grupo ou incitar viol√™ncia."
"morreu na noite desta sexta-feira ( number ) , o ex-deputado federal e vereador pela cidade de salvador , username . ele estava internado em um hospital particular em feira de santana desde o dia number de fevereiro com covil number .",N√£o T√≥xico,N√£o T√≥xico,N√£o T√≥xico,N√£o T√≥xico,consenso,N√£o T√≥xico,"O texto relata a morte de uma pessoa p√∫blica, mencionando seu hist√≥rico e hospitaliza√ß√£o, sem atacar ou incitar viol√™ncia contra nenhum grupo."
gol do flamengo pedro aos number ‚Äô number terceiro tempo jo√£o gomes faz lindo passe e coloca pedro cara a cara com o goleiro que n√£o perdoa . portuguesa 2x2 flamengo,N√£o T√≥xico,N√£o T√≥xico,N√£o T√≥xico,N√£o T√≥xico,consenso,N√£o T√≥xico,"O texto descreve um evento esportivo (gol de futebol) e n√£o cont√©m ataques, incita√ß√£o √† viol√™ncia ou discurso de √≥dio contra nenhum grupo."
acidente entre t√°xi e moto acaba em morte de estudante hashtag url,N√£o T√≥xico,N√£o T√≥xico,N√£o T√≥xico,N√£o T√≥xico,consenso,N√£o T√≥xico,"O texto relata um acidente e a morte de um estudante, descrevendo um fato, sem atacar nenhum grupo ou incitar viol√™ncia."
engavetamento com cinco carros na radial leste deixa dois feridos hashtag url,N√£o T√≥xico,N√£o T√≥xico,N√£o T√≥xico,N√£o T√≥xico,consenso,N√£o T√≥xico,"O texto relata um acidente de tr√¢nsito, informando sobre o engavetamento e os feridos. N√£o h√° ataque a grupos, incita√ß√£o √† viol√™ncia ou discurso de √≥dio."
"motorista abandona esposa e filha ap√≥s matar motociclista em acidente de carro . de acordo com a mulher , ele havia ingerido uma grande quantidade de bebidas alco√≥licas hashtag url",N√£o T√≥xico,N√£o T√≥xico,N√£o T√≥xico,N√£o T√≥xico,consenso,N√£o T√≥xico,"O texto relata um acidente de carro e o abandono da fam√≠lia pelo motorista, sem atacar nenhum grupo ou incitar viol√™ncia."
moradores registram v√≠deos de intensos tiroteios em comunidade hashtag url,N√£o T√≥xico,N√£o T√≥xico,N√£o T√≥xico,N√£o T√≥xico,consenso,N√£o T√≥xico,"O texto relata incidentes de tiroteio em uma comunidade, sem direcionar ataques ou incitar viol√™ncia contra nenhum grupo espec√≠fico."
"a pol√≠cia prendeu , at√© agora , cinco pessoas por envolvimento na morte de fabiana , romuyuki e juan gon√ßalves , encontrados carbonizados em uma estrada de terra em s√£o bernardo do campo hashtag url",N√£o T√≥xico,N√£o T√≥xico,N√£o T√≥xico,N√£o T√≥xico,consenso,N√£o T√≥xico,"O texto informa sobre uma pris√£o em decorr√™ncia de um crime, sem atacar ou incitar viol√™ncia contra nenhum grupo espec√≠fico."
"onda de assaltos aterroriza moradores do morumbi , em s√£o paulo hashtag url",N√£o T√≥xico,N√£o T√≥xico,N√£o T√≥xico,N√£o T√≥xico,consenso,N√£o T√≥xico,"O texto expressa uma preocupa√ß√£o com a criminalidade e a seguran√ßa p√∫blica, mencionando um local espec√≠fico (Morumbi, S√£o Paulo). N√£o h√° ataque a um grupo ou incita√ß√£o √† viol√™ncia."
pol√≠cia procura bandidos que botaram fogo em carros e atiraram em √¥nibus hashtag url,N√£o T√≥xico,N√£o T√≥xico,N√£o T√≥xico,N√£o T√≥xico,consenso,N√£o T√≥xico,"O texto relata um crime e a busca por suspeitos, expressando preocupa√ß√£o com a seguran√ßa p√∫blica sem atacar ou incitar viol√™ncia contra nenhum grupo."
dupla de criminosos rouba encomendas de entregadores em s√£o paulo . veja no hashtag url,N√£o T√≥xico,N√£o T√≥xico,N√£o T√≥xico,N√£o T√≥xico,consenso,N√£o T√≥xico,"O texto informa um fato sobre roubos cometidos por criminosos, sem atacar o grupo, incitar viol√™ncia ou desumaniz√°-los."
jovem √© preso ap√≥s atacar idosa de number anos no elevador do pr√©dio em que morava hashtag url,N√£o T√≥xico,N√£o T√≥xico,N√£o T√≥xico,N√£o T√≥xico,consenso,T√≥xico,"O texto descreve um crime violento (ataque a idosa) e inclui uma hashtag que pode ser usada para divulgar ou se apropriar do evento.  A men√ß√£o a um 'elevador' e 'pr√©dio' sugere um contexto de viol√™ncia em um local comum, o que pode indicar uma tentativa de normalizar ou incentivar atos criminosos."
"not√≠cia urgente : pol√≠cia faz opera√ß√£o contra empres√°rios que tomaram vacina em garagem de √¥nibus , em belo horizonte ( amigo ) . veja mais no hashtag url",N√£o T√≥xico,N√£o T√≥xico,N√£o T√≥xico,N√£o T√≥xico,consenso,N√£o T√≥xico,"O texto relata uma opera√ß√£o policial contra empres√°rios que receberam vacinas de forma irregular, sem atacar nenhum grupo espec√≠fico ou incitar viol√™ncia."
as meninas estavam na cal√ßada quando um carro invadiu o local e as atropelou . os familiares pedem justi√ßa e questionam por que n√£o fizeram teste de baf√¥metro no motorista hashtag url,N√£o T√≥xico,N√£o T√≥xico,N√£o T√≥xico,N√£o T√≥xico,consenso,N√£o T√≥xico,"O texto relata um acidente grave e a busca por justi√ßa, sem atacar ou incitar viol√™ncia contra indiv√≠duos ou grupos espec√≠ficos. A men√ß√£o ao teste de baf√¥metro √© relacionada √† investiga√ß√£o do incidente, n√£o a um discurso de √≥dio."
"bandido homem-aranha ? homem escala parede de pr√©dio , pula janela , invade apartamento e ataca duas mulheres . veja as imagens ! hashtag url",N√£o T√≥xico,N√£o T√≥xico,N√£o T√≥xico,N√£o T√≥xico,consenso,T√≥xico,"O texto descreve a√ß√µes de criminosos (bandidos) de forma gr√°fica e incentiva a visualiza√ß√£o de imagens que retratam viol√™ncia e invas√£o, o que pode ser interpretado como uma forma de legitimar ou glorificar o comportamento criminoso."
"um hashtag foi apreendido e um criminoso acabou morto depois de atacar nossos policiais militares . o armamento de guerra estava com ele . a a√ß√£o aconteceu na noite desta sexta ( number ) no morro do dennis . conhecido como rato , o criminoso atuava na resist√™ncia armada do tr√°fico de drogas . url",N√£o T√≥xico,N√£o T√≥xico,N√£o T√≥xico,N√£o T√≥xico,consenso,T√≥xico,"O texto descreve a morte de um criminoso ap√≥s um ataque a policiais, e menciona sua atua√ß√£o na resist√™ncia armada do tr√°fico de drogas, o que pode ser interpretado como uma justificativa para a viol√™ncia e um apelo √† repress√£o."
"n√£o tem como a pol√≠cia atirar sem ser amea√ßada antes . eu prefiro acreditar na pol√≠cia do que em bandido . observa√ß√£o : s√≥ de armas e granadas , foram apreendidas mais do que number . sinal que , possivelmente , todos que morreram estavam armados .",T√≥xico ,T√≥xico,T√≥xico,T√≥xico,consenso,T√≥xico,"O texto expressa uma cren√ßa de que a pol√≠cia tem o direito de atirar sem ser amea√ßada e demonstra desconfian√ßa em rela√ß√£o aos 'bandidos', associando-os √† viol√™ncia e √† posse de armas. Isso pode ser interpretado como incita√ß√£o √† desconfian√ßa e, potencialmente, √† viol√™ncia contra o grupo."
"username username se tivessem ao menos number seguran√ßa armado isso n√£o teria acontecido , e pra piorar a pol√≠cia ao inv√©s de mandar esse lixo pro inferno vai defender ele da popula√ß√£o e ainda vamos sustentar esse lixo na cadeia",T√≥xico ,T√≥xico,T√≥xico,T√≥xico,consenso,T√≥xico,"O texto expressa uma cr√≠tica direcionada √† pol√≠cia e √† popula√ß√£o, utilizando linguagem agressiva e depreciativa, al√©m de incitar √† viol√™ncia e a desconfian√ßa em rela√ß√£o √†s autoridades."
username traficante n√£o tem que ir para cadeia n√£o e sim ir para uma fazenda com uma bola de ferro no p√© com uma foice para ro√ßar pasto a√≠ sim queria ver ele iria querer voltar a roubar estamos cansado disso j√° nossa justi√ßa muito ruim,T√≥xico ,T√≥xico,T√≥xico,T√≥xico,consenso,T√≥xico,"O texto expressa desejo de viol√™ncia e tortura contra um indiv√≠duo identificado como 'traficante', justificando a viol√™ncia com a alega√ß√£o de que a justi√ßa √© ruim. H√° uma clara incita√ß√£o √† pr√°tica de atos de tortura e sofrimento."
"username penalidade m√°xima ao assassino covarde . suje it o com number anos √© maior de idade , n√£o √© jovem nem adolescente:",N√£o T√≥xico,N√£o T√≥xico,N√£o T√≥xico,N√£o T√≥xico,consenso,T√≥xico,"O texto expressa √≥dio e desejo de morte contra um indiv√≠duo identificado como 'assassino covarde', al√©m de considerar sua idade como irrelevante, o que configura discurso de √≥dio e incita√ß√£o √† viol√™ncia."
"username username e parte da imprensa , g1 . dando narrativa √† criminoso morto no rj . ser√° que ir√£o fazer o mesmo pela fam√≠lia deste pobre trabalhador ? invers√£o de valores total !",T√≥xico ,T√≥xico,T√≥xico,T√≥xico,consenso,T√≥xico,"O texto expressa indigna√ß√£o com a cobertura da m√≠dia sobre um criminoso morto, sugerindo uma invers√£o de valores e questionando a falta de aten√ß√£o com a fam√≠lia da v√≠tima. A men√ß√£o a \"
"username sobre o fato ocorrido no jacarezinho , que os traficantes n√£o tiveram a chance de se entregar e foram mortos , a√≠ eu pergunto e o policial civil que foi baleado na cabe√ßa indo a √≥bito , teve alguma chance ü§î ? sociedade hip√≥crita üò° üò°",T√≥xico ,T√≥xico,T√≥xico,T√≥xico,consenso,T√≥xico,"O texto expressa indigna√ß√£o e cr√≠tica √† sociedade, mas utiliza linguagem agressiva (emoji de raiva) e questiona a chance de entrega dos criminosos, implicando em justificativa para a viol√™ncia e desumaniza√ß√£o."
username nenhum morto no jacar√© foi v√≠tima da sociedade . optou em ser bandido porque quis . aliciadores levianos . trabalhar dar trabalho n√£o √© .,T√≥xico ,T√≥xico,T√≥xico,T√≥xico,consenso,T√≥xico,"O texto atribui a responsabilidade pela escolha de ser criminoso ao indiv√≠duo, mas tamb√©m o descreve como v√≠tima de 'aliciadores levianos', o que pode ser interpretado como uma forma de desumaniza√ß√£o e legitima√ß√£o da viol√™ncia contra esses indiv√≠duos."
username √© um absurdo oque os policiais passam no rj arriscam a vida ainda s√£o chamados de assassinos.,N√£o T√≥xico,N√£o T√≥xico,N√£o T√≥xico,N√£o T√≥xico,consenso,T√≥xico,"O texto expressa antipatia e desconfian√ßa em rela√ß√£o √† pol√≠cia no Rio de Janeiro, acusando-os de serem chamados de assassinos, o que pode ser interpretado como um ataque ao grupo e incita√ß√£o √† desconfian√ßa."
"username quem defende bandido , bandido √© , n√£o merece um pingo de considera√ß√£o nem respeito por parte do cidad√£o de bem . parab√©ns a pol√≠cia . o bem vai vencer eu creio .",T√≥xico ,T√≥xico,T√≥xico,T√≥xico,consenso,T√≥xico,"O texto expressa forte antipatia e desrespeito por indiv√≠duos associados a 'bandidos', negando-lhes considera√ß√£o e respeito, o que se enquadra em discurso de √≥dio e incita√ß√£o √† exclus√£o."
username cad√™ os direitos humanos pra fam√≠lia do policial que morreu isso ningu√©m faz pra cima deles parab√©ns a pol√≠cia militar,T√≥xico ,T√≥xico,T√≥xico,T√≥xico,consenso,N√£o T√≥xico,"O texto expressa condol√™ncias e preocupa√ß√£o com a seguran√ßa dos policiais, sem atacar ou incitar viol√™ncia contra nenhuma pessoa ou grupo."
username username policial pode ser assassinado o bandido tem que ser tratado como amigo a verdade e que o morador prefere os bandidos lament√°vel,N√£o T√≥xico,T√≥xico,T√≥xico,T√≥xico,x,T√≥xico,"O texto expressa uma vis√£o amb√≠gua sobre a rela√ß√£o entre policiais e bandidos, sugerindo que os bandidos devem ser tratados como amigos, o que pode ser interpretado como uma forma de minimizar a amea√ßa que representam e, potencialmente, justificar viol√™ncia contra eles."
username sente o arsenal apreendido pela pol√≠cia na opera√ß√£o no jacarezinho hoje . at√© bala de canh√£o ! ! ! number bandidos morreram e um policial civil . maior n√∫mero de mortes em uma a√ß√£o da pol√≠cia do rj url,N√£o T√≥xico,N√£o T√≥xico,N√£o T√≥xico,N√£o T√≥xico,consenso,T√≥xico,"O texto expressa apoio √† morte de bandidos em uma opera√ß√£o policial, mencionando 'bala de canh√£o' e'maior n√∫mero de mortes'. Isso indica incita√ß√£o √† viol√™ncia e desumaniza√ß√£o do grupo 'bandidos'."
traficante youtuber √© morto no dennis hashtag um fuzil pistola number foi apreendido no morro do dennis durante opera√ß√£o da hashtag . na a√ß√£o foi apreendido material entorpecente e o traficante rato foi neutralizado ap√≥s atacar os policiais . url,N√£o T√≥xico,N√£o T√≥xico,N√£o T√≥xico,N√£o T√≥xico,consenso,T√≥xico,"O texto descreve a morte de um traficante, menciona o uso de armas e a apreens√£o de drogas, mas tamb√©m indica que o traficante atacou policiais, o que pode ser interpretado como incita√ß√£o √† viol√™ncia e justificativa da neutraliza√ß√£o do criminoso."
dois assaltantes em uma moto tentaram assaltar um uber √©reas de bicicleta e tomaram um pau . grande dia kkk üëç url,T√≥xico ,T√≥xico,T√≥xico,T√≥xico,consenso,N√£o T√≥xico,O texto descreve um incidente de assalto e a rea√ß√£o da v√≠tima sem expressar √≥dio ou incitar viol√™ncia contra os assaltantes.
"a popula√ß√£o n√£o aguenta mais . um bandido estava roubando a moto , e um motorista reagiu url",N√£o T√≥xico,N√£o T√≥xico,N√£o T√≥xico,N√£o T√≥xico,consenso,N√£o T√≥xico,"O texto descreve um incidente de roubo e rea√ß√£o, sem atacar ou incitar viol√™ncia contra criminosos."
essa pra mim foi uma das melhores rea√ß√µes da v√≠tima üëç url,N√£o T√≥xico,N√£o T√≥xico,N√£o T√≥xico,N√£o T√≥xico,consenso,N√£o T√≥xico,"O texto expressa uma rea√ß√£o positiva √† situa√ß√£o, sem atacar nenhum grupo ou incitar viol√™ncia."
policial de folga garantiu o envio da encomenda para a eternidade . url,T√≥xico ,T√≥xico,T√≥xico,T√≥xico,consenso,N√£o T√≥xico,"O texto expressa uma a√ß√£o (envio da encomenda) e uma refer√™ncia √† eternidade, sem atacar nenhum grupo ou incitar viol√™ncia."
username a vida √© feita de escolhas ! √∫nicos ladr√µes que vejo se aposentar por idade √© pol√≠ticos . parab√©ns ao militar ! ! !,T√≥xico ,N√£o T√≥xico,T√≥xico,T√≥xico,x,T√≥xico,"O texto expressa antipatia e desconfian√ßa em rela√ß√£o a 'ladr√µes' (referindo-se a pol√≠ticos e criminosos) e elogia os militares, o que pode ser interpretado como uma incita√ß√£o √† viol√™ncia contra o grupo aludido."
username caracas ! ! ! descarregou tudo ! ! ! pra n√£o ter d√∫vida mesmo . e o outro ainda veio algemar,N√£o T√≥xico,N√£o T√≥xico,T√≥xico,N√£o T√≥xico,x,T√≥xico,O texto expressa raiva e frustra√ß√£o em rela√ß√£o a algu√©m que \
